INSERT INTO Author VALUES ('1','Clifford','Maudsley');
INSERT INTO Author VALUES ('2','Angie','Gonnin');
INSERT INTO Author VALUES ('3','Brewster','Zimmer');
INSERT INTO Author VALUES ('4','Franchot','Daen');
INSERT INTO Author VALUES ('5','Marti','Boome');
INSERT INTO Author VALUES ('6','Rheta','Trengrouse');
INSERT INTO Author VALUES ('7','Timothea','Reade');
INSERT INTO Author VALUES ('8','Arnoldo','Youd');
INSERT INTO Author VALUES ('9','Manya','Merrifield');
INSERT INTO Author VALUES ('10','Cher','Ondracek');

INSERT INTO Category (name) VALUES
	('Romance'),
    ('Mystery'),
    ('Horror'),
    ('Thriller'),
    ('Science_Fiction'),
    ('Sports'),
    ('Self-Development'),
    ('Education'),
    ('Biography'),
    ('Religion');
    
INSERT INTO Book (isbn,title,publisher,pages,summary,available_copies,image,language,keywords,category_id,author_id,sec_category_id) VALUES ('816268195-7','Memories of Me','Indomethacin','414','magnis dis parturient montes nascetur ridiculus mus vivamus vestibulum sagittis sapien cum sociis natoque penatibus et magnis dis parturient montes nascetur ridiculus mus etiam vel augue','4','http://dummyimage.com/137x100.png/ff4444/ffffff', 'Polish','adipiscing elit proin','5','3','7');
INSERT INTO Book (isbn,title,publisher,pages,summary,available_copies,image,language,keywords,category_id,author_id,sec_category_id) VALUES ('319574956-4','Welcome to Mooseport','Molton Brown','492','vel sem sed sagittis nam congue risus semper porta volutpat quam pede lobortis ligula sit amet eleifend pede libero quis orci nullam molestie nibh in lectus pellentesque at nulla','1','http://dummyimage.com/170x100.png/cc0000/ffffff', 'Tamil','amet consectetuer adipiscing','1','4','3');
INSERT INTO Book (isbn,title,publisher,pages,summary,available_copies,image,language,keywords,category_id,author_id,sec_category_id) VALUES ('385822452-9','Watch Out for the Automobile (Beregis avtomobilya)','MediAc','742','tortor id nulla ultrices aliquet maecenas leo odio condimentum id luctus nec molestie sed justo pellentesque viverra pede ac diam cras pellentesque volutpat dui maecenas tristique est et tempus','7','http://dummyimage.com/220x100.png/5fa2dd/ffffff', 'Hiri Motu','pede malesuada in imperdiet','5','10','6');
INSERT INTO Book (isbn,title,publisher,pages,summary,available_copies,image,language,keywords,category_id,author_id,sec_category_id) VALUES ('645068151-9','Actor s Revenge, An (Yukinojô henge)','Cetirizine Hydrochloride','349','odio elementum eu interdum eu tincidunt in leo maecenas pulvinar lobortis est phasellus sit amet erat nulla tempus vivamus','7','http://dummyimage.com/102x100.png/cc0000/ffffff', 'Hindi','ante ipsum primis in faucibus','8','9','7');
INSERT INTO Book (isbn,title,publisher,pages,summary,available_copies,image,language,keywords,category_id,author_id,sec_category_id) VALUES ('813111322-1','Fiddle-de-dee','Ondansetron Hydrochloride','501','in faucibus orci luctus et ultrices posuere cubilia curae duis faucibus accumsan odio curabitur convallis duis consequat dui nec nisi volutpat eleifend donec ut dolor morbi vel lectus in','1','http://dummyimage.com/202x100.png/cc0000/ffffff', 'Ndebele','dapibus dolor vel est','4','5','1');
INSERT INTO Book (isbn,title,publisher,pages,summary,available_copies,image,language,keywords,category_id,author_id,sec_category_id) VALUES ('419089712-4','My Science Project','CX DAILY EYE PROTECTOR','274','vitae nisi nam ultrices libero non mattis pulvinar nulla pede ullamcorper augue a suscipit nulla elit ac nulla sed vel enim sit amet nunc viverra dapibus nulla suscipit ligula in lacus curabitur at ipsum','7','http://dummyimage.com/184x100.png/ff4444/ffffff', 'Macedonian','sit amet sem fusce','7','10','8');
INSERT INTO Book (isbn,title,publisher,pages,summary,available_copies,image,language,keywords,category_id,author_id,sec_category_id) VALUES ('680500806-9','Executioners from Shaolin','Quartz 60 Special Order','764','sed sagittis nam congue risus semper porta volutpat quam pede lobortis ligula sit amet eleifend pede libero quis orci nullam molestie nibh in lectus pellentesque at nulla suspendisse potenti cras in purus eu magna vulputate luctus cum sociis','8','http://dummyimage.com/105x100.png/dddddd/000000', 'Kannada','blandit lacinia erat vestibulum','8','4','3');
INSERT INTO Book (isbn,title,publisher,pages,summary,available_copies,image,language,keywords,category_id,author_id,sec_category_id) VALUES ('199490187-X','Police Story 2 (Ging chaat goo si juk jaap)','LBEL HYDRATESS','516','elementum in hac habitasse platea dictumst morbi vestibulum velit id pretium iaculis diam erat fermentum justo nec condimentum neque sapien','7','http://dummyimage.com/171x100.png/5fa2dd/ffffff', 'Telugu','pulvinar sed nisl','9','2','10');
INSERT INTO Book (isbn,title,publisher,pages,summary,available_copies,image,language,keywords,category_id,author_id,sec_category_id) VALUES ('291469644-2','Theremin: An Electronic Odyssey','Rizatriptan Benzoate','500','eu felis fusce posuere felis sed lacus morbi sem mauris laoreet ut rhoncus aliquet pulvinar sed nisl nunc rhoncus dui vel sem sed sagittis nam congue risus semper porta volutpat quam pede','2','http://dummyimage.com/123x100.png/cc0000/ffffff', 'Oriya','congue vivamus metus arcu adipiscing','8','4','7');
INSERT INTO Book (isbn,title,publisher,pages,summary,available_copies,image,language,keywords,category_id,author_id,sec_category_id) VALUES ('785838146-6','Devil s Advocate, The','Astringent','464','ligula nec sem duis aliquam convallis nunc proin at turpis a pede posuere nonummy integer non velit donec diam neque vestibulum eget vulputate','4','http://dummyimage.com/245x100.png/dddddd/000000', 'Gagauz','magna ac consequat metus','1','6','4');
INSERT INTO Book (isbn,title,publisher,pages,summary,available_copies,image,language,keywords,category_id,author_id,sec_category_id) VALUES ('876322583-2','Friday After Next','Welchol','590','sem mauris laoreet ut rhoncus aliquet pulvinar sed nisl nunc rhoncus dui vel sem sed sagittis nam congue risus semper porta volutpat quam pede lobortis ligula sit amet eleifend pede libero quis orci nullam molestie nibh in lectus','9','http://dummyimage.com/237x100.png/dddddd/000000', 'Hindi','rhoncus dui vel sem sed','6','6','7');
INSERT INTO Book (isbn,title,publisher,pages,summary,available_copies,image,language,keywords,category_id,author_id,sec_category_id) VALUES ('548886946-8','Gnome-Mobile, The','Soothe and Cool INZO Barrier','448','donec ut mauris eget massa tempor convallis nulla neque libero convallis eget eleifend luctus ultricies','4','http://dummyimage.com/156x100.png/ff4444/ffffff', 'Moldovan','pulvinar nulla','8','2','9');
INSERT INTO Book (isbn,title,publisher,pages,summary,available_copies,image,language,keywords,category_id,author_id,sec_category_id) VALUES ('122129388-5','Tanner Hall','Acetaminophen','309','id pretium iaculis diam erat fermentum justo nec condimentum neque sapien placerat ante nulla justo aliquam quis turpis eget elit sodales scelerisque mauris sit amet eros','8','http://dummyimage.com/111x100.png/ff4444/ffffff', 'Dari','nullam sit amet turpis elementum','1','5','4');
INSERT INTO Book (isbn,title,publisher,pages,summary,available_copies,image,language,keywords,category_id,author_id,sec_category_id) VALUES ('398871562-X','Umberto D.','Levothyroxine sodium','447','ipsum primis in faucibus orci luctus et ultrices posuere cubilia curae nulla dapibus dolor vel est donec odio justo sollicitudin ut suscipit a feugiat et eros vestibulum ac est','5','http://dummyimage.com/125x100.png/cc0000/ffffff', 'Mongolian','lectus suspendisse','6','4','1');
INSERT INTO Book (isbn,title,publisher,pages,summary,available_copies,image,language,keywords,category_id,author_id,sec_category_id) VALUES ('946554247-4','Amazing Journey: The Story of The Who','Childrens Allegra Allergy','253','quam pede lobortis ligula sit amet eleifend pede libero quis orci nullam molestie nibh in lectus pellentesque at nulla suspendisse potenti','1','http://dummyimage.com/108x100.png/ff4444/ffffff', 'West Frisian','lorem id ligula suspendisse ornare','8','7','9');
INSERT INTO Book (isbn,title,publisher,pages,summary,available_copies,image,language,keywords,category_id,author_id,sec_category_id) VALUES ('918375802-X','In Old Arizona','Throat Complex','690','orci nullam molestie nibh in lectus pellentesque at nulla suspendisse potenti cras in purus eu magna vulputate luctus cum sociis natoque penatibus et magnis dis parturient montes nascetur ridiculus mus vivamus vestibulum sagittis','8','http://dummyimage.com/143x100.png/cc0000/ffffff', 'Indonesian','risus praesent lectus','7','3','8');
INSERT INTO Book (isbn,title,publisher,pages,summary,available_copies,image,language,keywords,category_id,author_id,sec_category_id) VALUES ('848203730-7','Garfield s Pet Force','Rifadin IV','379','ipsum integer a nibh in quis justo maecenas rhoncus aliquam lacus morbi quis tortor id nulla ultrices aliquet maecenas leo odio condimentum id luctus nec molestie sed justo','1','http://dummyimage.com/198x100.png/cc0000/ffffff', 'Somali','placerat ante nulla justo','8','3','2');
INSERT INTO Book (isbn,title,publisher,pages,summary,available_copies,image,language,keywords,category_id,author_id,sec_category_id) VALUES ('764400937-X','It','QT SUN BLOCK','342','interdum in ante vestibulum ante ipsum primis in faucibus orci luctus et ultrices posuere cubilia curae duis faucibus accumsan odio curabitur convallis duis consequat dui nec nisi volutpat eleifend donec ut dolor morbi vel','8','http://dummyimage.com/108x100.png/5fa2dd/ffffff', 'Dzongkha','ullamcorper augue a suscipit','8','6','4');
INSERT INTO Book (isbn,title,publisher,pages,summary,available_copies,image,language,keywords,category_id,author_id,sec_category_id) VALUES ('934963542-9','Tyler Perry s Madea s Family Reunion','Orris Root','483','a ipsum integer a nibh in quis justo maecenas rhoncus aliquam lacus morbi quis tortor id nulla ultrices aliquet','8','http://dummyimage.com/221x100.png/5fa2dd/ffffff', 'Polish','mauris eget','2','10','6');
INSERT INTO Book (isbn,title,publisher,pages,summary,available_copies,image,language,keywords,category_id,author_id,sec_category_id) VALUES ('890021515-9','Organization, The','Gas-X','349','ut nulla sed accumsan felis ut at dolor quis odio consequat varius integer ac leo pellentesque ultrices mattis odio donec vitae nisi','2','http://dummyimage.com/238x100.png/5fa2dd/ffffff', 'Kannada','et ultrices posuere cubilia','6','4','7');
INSERT INTO Book (isbn,title,publisher,pages,summary,available_copies,image,language,keywords,category_id,author_id,sec_category_id) VALUES ('374810360-3','Out at the Wedding','Betadine','751','neque duis bibendum morbi non quam nec dui luctus rutrum nulla tellus in sagittis dui vel nisl duis ac','6','http://dummyimage.com/189x100.png/5fa2dd/ffffff', 'Marathi','nisl venenatis','8','3','5');
INSERT INTO Book (isbn,title,publisher,pages,summary,available_copies,image,language,keywords,category_id,author_id,sec_category_id) VALUES ('922528486-1','Ultrasuede: In Search of Halston','Pollens','675','suspendisse potenti cras in purus eu magna vulputate luctus cum sociis natoque penatibus et magnis dis parturient montes nascetur ridiculus mus vivamus vestibulum sagittis sapien cum sociis natoque penatibus et magnis dis parturient montes nascetur ridiculus','10','http://dummyimage.com/166x100.png/dddddd/000000', 'Dzongkha','hendrerit at vulputate vitae nisl','9','3','10'); 
INSERT INTO Book (isbn,title,publisher,pages,summary,available_copies,image,language,keywords,category_id,author_id,sec_category_id) VALUES ('659961744-1','Girl From Paris)','Betaxolol','695','sit amet nunc viverra dapibus nulla suscipit ligula in lacus curabitur at ipsum ac tellus semper interdum mauris ullamcorper purus sit amet nulla quisque arcu libero rutrum ac lobortis','4','http://dummyimage.com/118x100.png/dddddd/000000', 'Estonian','cursus id turpis','8','1','7');
INSERT INTO Book (isbn,title,publisher,pages,summary,available_copies,image,language,keywords,category_id,author_id,sec_category_id) VALUES ('996340112-0','Within Limits (Liikkumavara)','Dove','537','convallis duis consequat dui nec nisi volutpat eleifend donec ut dolor morbi vel lectus in quam fringilla rhoncus mauris enim leo rhoncus','7','http://dummyimage.com/100x100.png/dddddd/000000', 'Fijian','sit amet diam in','4','7','3');
INSERT INTO Book (isbn,title,publisher,pages,summary,available_copies,image,language,keywords,category_id,author_id,sec_category_id) VALUES ('648314470-9','Tom & Viv','Acetaminophen','777','ante vivamus tortor duis mattis egestas metus aenean fermentum donec ut mauris eget massa tempor convallis nulla neque libero convallis eget','9','http://dummyimage.com/203x100.png/dddddd/000000', 'Nepali','morbi ut odio cras mi','5','1','1');
INSERT INTO Book (isbn,title,publisher,pages,summary,available_copies,image,language,keywords,category_id,author_id,sec_category_id) VALUES ('822418417-X','Ugly American, The','EXTENDED PHENYTOIN SODIUM','322','volutpat sapien arcu sed augue aliquam erat volutpat in congue etiam justo etiam pretium iaculis justo in hac habitasse','6','http://dummyimage.com/240x100.png/cc0000/ffffff', 'Guaraní','donec dapibus duis at','3','1','1');
INSERT INTO Book (isbn,title,publisher,pages,summary,available_copies,image,language,keywords,category_id,author_id,sec_category_id) VALUES ('617184627-9','Tyler Perry s I Can Do Bad All by Myself','Absorica','288','malesuada in imperdiet et commodo vulputate justo in blandit ultrices enim lorem ipsum dolor sit amet consectetuer','8','http://dummyimage.com/222x100.png/cc0000/ffffff', 'Nepali','nulla tellus in sagittis','10','10','5');
INSERT INTO Book (isbn,title,publisher,pages,summary,available_copies,image,language,keywords,category_id,author_id,sec_category_id) VALUES ('149070964-9','Purple Gang, The','FENOFIBRATE','293','ligula vehicula consequat morbi a ipsum integer a nibh in quis justo maecenas rhoncus aliquam lacus morbi quis tortor id nulla ultrices aliquet maecenas leo odio','4','http://dummyimage.com/101x100.png/dddddd/000000', 'Marathi','sit amet nunc viverra dapibus','7','1','4');
INSERT INTO Book (isbn,title,publisher,pages,summary,available_copies,image,language,keywords,category_id,author_id,sec_category_id) VALUES ('697465398-0','Four Flies on Grey Velvet','Sweet Vernal Grass, Standardized','618','felis sed interdum venenatis turpis enim blandit mi in porttitor pede justo eu massa donec dapibus','4','http://dummyimage.com/176x100.png/ff4444/ffffff', 'Gujarati','quis turpis','1','2','5');
INSERT INTO Book (isbn,title,publisher,pages,summary,available_copies,image,language,keywords,category_id,author_id,sec_category_id) VALUES ('488587439-4','Taira Clan Saga, The (Shin heike monogatari)','Dairy Allergy Relief','332','ipsum aliquam non mauris morbi non lectus aliquam sit amet diam in magna bibendum imperdiet nullam orci pede venenatis non sodales sed tincidunt eu felis','2','http://dummyimage.com/217x100.png/ff4444/ffffff', 'Marathi','ante vel ipsum praesent blandit','9','10','8');
INSERT INTO Book (isbn,title,publisher,pages,summary,available_copies,image,language,keywords,category_id,author_id,sec_category_id) VALUES ('026564100-4','Girl Next Door, The','Quinapril','425','nisl aenean lectus pellentesque eget nunc donec quis orci eget orci vehicula condimentum curabitur in libero ut massa volutpat convallis morbi odio','4','http://dummyimage.com/181x100.png/cc0000/ffffff', 'Korean','iaculis justo in','6','8','7');
INSERT INTO Book (isbn,title,publisher,pages,summary,available_copies,image,language,keywords,category_id,author_id,sec_category_id) VALUES ('106000244-2','Wimbledon','Vinotinto Hand Sanitizer','735','donec quis orci eget orci vehicula condimentum curabitur in libero ut massa volutpat convallis morbi odio odio elementum eu interdum','4','http://dummyimage.com/155x100.png/dddddd/000000', 'Bengali','tellus in sagittis dui vel','4','6','6');
INSERT INTO Book (isbn,title,publisher,pages,summary,available_copies,image,language,keywords,category_id,author_id,sec_category_id) VALUES ('076139067-7','Mothra (Mosura)','Extra Strength Pain Relief Therapy','595','posuere cubilia curae mauris viverra diam vitae quam suspendisse potenti nullam porttitor lacus at turpis donec posuere metus vitae ipsum aliquam non','2','http://dummyimage.com/232x100.png/5fa2dd/ffffff', 'Hiri Motu','lobortis convallis tortor risus','4','5','6');
INSERT INTO Book (isbn,title,publisher,pages,summary,available_copies,image,language,keywords,category_id,author_id,sec_category_id) VALUES ('311467988-9','Tai Chi Zero','TRIBIOTICLC LC','685','eros vestibulum ac est lacinia nisi venenatis tristique fusce congue diam id ornare imperdiet sapien urna pretium nisl ut volutpat sapien arcu sed augue aliquam','6','http://dummyimage.com/122x100.png/dddddd/000000', 'Arabic','sapien arcu sed','1','5','3');
INSERT INTO Book (isbn,title,publisher,pages,summary,available_copies,image,language,keywords,category_id,author_id,sec_category_id) VALUES ('431206102-5','Ultimate Warrior, The','Prednisone','744','ornare imperdiet sapien urna pretium nisl ut volutpat sapien arcu sed augue aliquam erat volutpat in congue etiam justo etiam pretium iaculis justo in hac habitasse platea dictumst etiam faucibus cursus urna ut tellus nulla ut erat','3','http://dummyimage.com/181x100.png/dddddd/000000', 'Bislama','tincidunt eget','7','9','8');
INSERT INTO Book (isbn,title,publisher,pages,summary,available_copies,image,language,keywords,category_id,author_id,sec_category_id) VALUES ('228742729-5','Swept Away','Ibuprofen','534','non velit donec diam neque vestibulum eget vulputate ut ultrices vel augue vestibulum ante ipsum primis in faucibus orci luctus et ultrices posuere','3','http://dummyimage.com/108x100.png/5fa2dd/ffffff', 'Tetum','duis ac nibh fusce','8','1','1');
INSERT INTO Book (isbn,title,publisher,pages,summary,available_copies,image,language,keywords,category_id,author_id,sec_category_id) VALUES ('186794611-4','Babysitter Wanted','Mycophenolate Mofetil','431','aenean auctor gravida sem praesent id massa id nisl venenatis lacinia aenean sit amet justo morbi ut odio cras mi pede malesuada in imperdiet et commodo','1','http://dummyimage.com/145x100.png/ff4444/ffffff', 'Montenegrin','odio cras mi','6','3','5');
INSERT INTO Book (isbn,title,publisher,pages,summary,available_copies,image,language,keywords,category_id,author_id,sec_category_id) VALUES ('314688084-9','The Island','DIGOX','454','convallis duis consequat dui nec nisi volutpat eleifend donec ut dolor morbi vel lectus in quam fringilla rhoncus mauris enim leo rhoncus sed vestibulum sit amet cursus id turpis integer aliquet','6','http://dummyimage.com/248x100.png/dddddd/000000', 'Maltese','nunc proin at turpis','6','4','4');
INSERT INTO Book (isbn,title,publisher,pages,summary,available_copies,image,language,keywords,category_id,author_id,sec_category_id) VALUES ('151813419-X','I ll See You in My Dreams','ATOMY SUN CREAM SPF 50 PA','264','mauris eget massa tempor convallis nulla neque libero convallis eget eleifend luctus ultricies eu nibh quisque id justo sit amet sapien dignissim vestibulum vestibulum ante ipsum primis in','8','http://dummyimage.com/205x100.png/ff4444/ffffff', 'Persian','sodales scelerisque','10','2','9');
INSERT INTO Book (isbn,title,publisher,pages,summary,available_copies,image,language,keywords,category_id,author_id,sec_category_id) VALUES ('065416790-7','For a Lost Soldier (Voor een Verloren Soldaat)','Mercaptopurine','327','aliquet at feugiat non pretium quis lectus suspendisse potenti in eleifend quam a odio in hac','8','http://dummyimage.com/202x100.png/ff4444/ffffff', 'Korean','faucibus orci luctus et ultrices','10','9','2');
INSERT INTO Book (isbn,title,publisher,pages,summary,available_copies,image,language,keywords,category_id,author_id,sec_category_id) VALUES ('966694353-0','Sol ','Magnesium Oxide','547','pharetra magna vestibulum aliquet ultrices erat tortor sollicitudin mi sit amet lobortis sapien sapien non mi integer ac neque duis bibendum morbi non quam nec dui luctus rutrum nulla tellus in sagittis dui vel nisl duis','7','http://dummyimage.com/187x100.png/5fa2dd/ffffff', 'Greek','magna ac consequat metus sapien','9','2','8');
INSERT INTO Book (isbn,title,publisher,pages,summary,available_copies,image,language,keywords,category_id,author_id,sec_category_id) VALUES ('370939279-9','Romancing the Stone','Guaifenesin','593','nam dui proin leo odio porttitor id consequat in consequat ut nulla sed accumsan felis ut at dolor quis odio consequat varius','1','http://dummyimage.com/119x100.png/cc0000/ffffff', 'Hungarian','ac leo pellentesque ultrices','5','6','4');
INSERT INTO Book (isbn,title,publisher,pages,summary,available_copies,image,language,keywords,category_id,author_id,sec_category_id) VALUES ('497423628-8','Suddenly, Last Winter','DIPHENDYDRAMINE HYDROCHLORIDE','302','iaculis justo in hac habitasse platea dictumst etiam faucibus cursus urna ut tellus nulla ut erat id mauris vulputate elementum nullam varius nulla facilisi cras non velit nec nisi vulputate nonummy maecenas tincidunt','4','http://dummyimage.com/184x100.png/ff4444/ffffff', 'Tamil','blandit non','5','7','4');
INSERT INTO Book (isbn,title,publisher,pages,summary,available_copies,image,language,keywords,category_id,author_id,sec_category_id) VALUES ('376060112-X','Laggies','Leader Nite Time Cold Flu Relief','605','faucibus orci luctus et ultrices posuere cubilia curae mauris viverra diam vitae quam suspendisse potenti nullam porttitor lacus at turpis','9','http://dummyimage.com/212x100.png/ff4444/ffffff', 'Indonesian','cursus id','5','3','1');
INSERT INTO Book (isbn,title,publisher,pages,summary,available_copies,image,language,keywords,category_id,author_id,sec_category_id) VALUES ('014108164-3','Journey to Saturn (Rejsen til Saturn)','Pramosone','643','vivamus vel nulla eget eros elementum pellentesque quisque porta volutpat erat quisque erat eros viverra eget congue eget semper rutrum nulla nunc purus phasellus in felis donec semper sapien a libero nam dui proin leo','7','http://dummyimage.com/181x100.png/5fa2dd/ffffff', 'Thai','ipsum primis in faucibus','5','7','4');
INSERT INTO Book (isbn,title,publisher,pages,summary,available_copies,image,language,keywords,category_id,author_id,sec_category_id) VALUES ('063303873-3','Dragon Eyes','BareMinerals Multi-Tasking SPF 20 Concealer','628','id massa id nisl venenatis lacinia aenean sit amet justo morbi ut odio cras mi pede malesuada in imperdiet et commodo vulputate justo in blandit ultrices enim lorem ipsum dolor sit amet consectetuer adipiscing elit proin interdum mauris non ligula','1','http://dummyimage.com/170x100.png/dddddd/000000', 'Danish','donec dapibus','1','3','2');
INSERT INTO Book (isbn,title,publisher,pages,summary,available_copies,image,language,keywords,category_id,author_id,sec_category_id) VALUES ('287721822-8','Yellow Sea, The (a.k.a. The Murderer) (Hwanghae)','Methylphenidate','763','vivamus vel nulla eget eros elementum pellentesque quisque porta volutpat erat quisque erat eros viverra eget congue eget semper rutrum nulla nunc purus phasellus in felis donec semper sapien a','1','http://dummyimage.com/193x100.png/ff4444/ffffff', 'Chinese','imperdiet sapien urna pretium','8','6','5');
INSERT INTO Book (isbn,title,publisher,pages,summary,available_copies,image,language,keywords,category_id,author_id,sec_category_id) VALUES ('257249462-0','Broadcast News','SMARTH','392','nisi venenatis tristique fusce congue diam id ornare imperdiet sapien urna pretium nisl ut volutpat sapien arcu sed augue aliquam erat volutpat in congue etiam justo etiam pretium','1','http://dummyimage.com/134x100.png/cc0000/ffffff', 'Bengali','ut erat curabitur','2','5','8');
INSERT INTO Book (isbn,title,publisher,pages,summary,available_copies,image,language,keywords,category_id,author_id,sec_category_id) VALUES ('897904342-2','Blonde and Blonder','Gerbil Epithelium','342','est quam pharetra magna ac consequat metus sapien ut nunc vestibulum ante ipsum primis in faucibus orci','8','http://dummyimage.com/105x100.png/cc0000/ffffff', 'Afrikaans','lacinia sapien quis','1','7','3');
INSERT INTO Book (isbn,title,publisher,pages,summary,available_copies,image,language,keywords,category_id,author_id,sec_category_id) VALUES ('195996972-2','Canyon Passage','EPICOCCUM NIGRUM','745','pellentesque volutpat dui maecenas tristique est et tempus semper est quam pharetra magna ac consequat metus sapien ut nunc vestibulum ante ipsum primis in faucibus orci luctus et ultrices posuere cubilia curae mauris viverra diam vitae quam','10','http://dummyimage.com/225x100.png/dddddd/000000', 'Irish Gaelic','interdum in ante','2','2','6');
INSERT INTO Book (isbn,title,publisher,pages,summary,available_copies,image,language,keywords,category_id,author_id,sec_category_id) VALUES ('897953329-2','Miracle Mile','Lamotrigine','555','cubilia curae duis faucibus accumsan odio curabitur convallis duis consequat dui nec nisi volutpat eleifend donec ut','10','http://dummyimage.com/171x100.png/cc0000/ffffff', 'Bosnian','sed nisl nunc','9','2','10');
INSERT INTO Book (isbn,title,publisher,pages,summary,available_copies,image,language,keywords,category_id,author_id,sec_category_id) VALUES ('066558704-X','River of Grass','CUPRUM METALLICUM','369','risus dapibus augue vel accumsan tellus nisi eu orci mauris lacinia sapien quis libero nullam sit amet turpis elementum ligula vehicula consequat morbi','6','http://dummyimage.com/197x100.png/dddddd/000000', 'Punjabi','dapibus augue vel','9','1','8');
INSERT INTO Book (isbn,title,publisher,pages,summary,available_copies,image,language,keywords,category_id,author_id,sec_category_id) VALUES ('198265541-0','Peacock','Baclofen','723','hendrerit at vulputate vitae nisl aenean lectus pellentesque eget nunc donec quis orci eget orci vehicula condimentum curabitur in libero ut massa volutpat convallis','6','http://dummyimage.com/159x100.png/cc0000/ffffff', 'Lithuanian','enim in','7','1','5');
INSERT INTO Book (isbn,title,publisher,pages,summary,available_copies,image,language,keywords,category_id,author_id,sec_category_id) VALUES ('250295392-8','Skipped Parts','Day Time','720','lectus in est risus auctor sed tristique in tempus sit amet sem fusce consequat nulla nisl nunc nisl duis bibendum felis sed interdum venenatis turpis enim blandit mi in porttitor pede justo eu massa','2','http://dummyimage.com/176x100.png/ff4444/ffffff', 'Czech','a libero nam dui proin','7','7','3'); 
INSERT INTO Book (isbn,title,publisher,pages,summary,available_copies,image,language,keywords,category_id,author_id,sec_category_id) VALUES ('399961405-6','Woman in the Moon ','Klor-Con','275','elementum eu interdum eu tincidunt in leo maecenas pulvinar lobortis est phasellus sit amet erat nulla tempus vivamus in felis eu sapien cursus vestibulum proin eu mi nulla ac enim','5','http://dummyimage.com/161x100.png/ff4444/ffffff', 'Oriya','platea dictumst aliquam','7','10','2');
INSERT INTO Book (isbn,title,publisher,pages,summary,available_copies,image,language,keywords,category_id,author_id,sec_category_id) VALUES ('996242802-5','Possession, The','RX200 Foaming Instant Hand Sanitizer','261','nunc commodo placerat praesent blandit nam nulla integer pede justo lacinia eget tincidunt eget tempus vel pede morbi porttitor lorem id ligula suspendisse ornare consequat lectus in est risus auctor','3','http://dummyimage.com/193x100.png/cc0000/ffffff', 'Spanish','tellus nulla ut','4','2','3');
INSERT INTO Book (isbn,title,publisher,pages,summary,available_copies,image,language,keywords,category_id,author_id,sec_category_id) VALUES ('852956061-2','Looking for Lenny ','Nighttime','511','cubilia curae mauris viverra diam vitae quam suspendisse potenti nullam porttitor lacus at turpis donec posuere metus vitae','9','http://dummyimage.com/143x100.png/cc0000/ffffff', 'Afrikaans','ut massa quis augue','2','9','1');
INSERT INTO Book (isbn,title,publisher,pages,summary,available_copies,image,language,keywords,category_id,author_id,sec_category_id) VALUES ('166585190-2','Sunchaser, The','Diethylpropion HydrochlorideER','746','justo in hac habitasse platea dictumst etiam faucibus cursus urna ut tellus nulla ut erat id mauris vulputate elementum nullam varius nulla facilisi cras non velit nec nisi vulputate nonummy maecenas tincidunt lacus at velit vivamus vel nulla','7','http://dummyimage.com/117x100.png/dddddd/000000', 'Bislama','lacus morbi','4','5','9'); 
INSERT INTO Book (isbn,title,publisher,pages,summary,available_copies,image,language,keywords,category_id,author_id,sec_category_id) VALUES ('074923923-9','Two Solutions for One Problem ','LAMICTAL','439','in tempor turpis nec euismod scelerisque quam turpis adipiscing lorem vitae mattis nibh ligula nec sem duis aliquam convallis nunc proin at turpis a pede posuere','7','http://dummyimage.com/158x100.png/dddddd/000000', 'Georgian','in eleifend','7','4','9');
INSERT INTO Book (isbn,title,publisher,pages,summary,available_copies,image,language,keywords,category_id,author_id,sec_category_id) VALUES ('463676858-2','Romeo Is Bleeding','Headache - Migraine','370','cras in purus eu magna vulputate luctus cum sociis natoque penatibus et magnis dis parturient montes nascetur ridiculus mus','7','http://dummyimage.com/169x100.png/ff4444/ffffff', 'Tajik','massa id nisl venenatis','4','5','3');
INSERT INTO Book (isbn,title,publisher,pages,summary,available_copies,image,language,keywords,category_id,author_id,sec_category_id) VALUES ('182493179-4','I Don t Want to Be a Man ','Molds, Rusts and Smuts, Epidermophyton floccosum','628','magna at nunc commodo placerat praesent blandit nam nulla integer pede justo lacinia eget tincidunt eget tempus vel pede','3','http://dummyimage.com/178x100.png/cc0000/ffffff', 'Gujarati','hac habitasse platea','3','6','1');
INSERT INTO Book (isbn,title,publisher,pages,summary,available_copies,image,language,keywords,category_id,author_id,sec_category_id) VALUES ('357880719-2','Fanfan la Tulipe ','Rapid Repair Balm','393','curae donec pharetra magna vestibulum aliquet ultrices erat tortor sollicitudin mi sit amet lobortis sapien sapien non mi integer ac','9','http://dummyimage.com/222x100.png/ff4444/ffffff', 'Chinese','at dolor quis odio consequat','7','8','5'); 
INSERT INTO Book (isbn,title,publisher,pages,summary,available_copies,image,language,keywords,category_id,author_id,sec_category_id) VALUES ('365393214-9','Inbetweeners Movie, The','X Out ','541','sem sed sagittis nam congue risus semper porta volutpat quam pede lobortis ligula sit amet eleifend pede libero','2','http://dummyimage.com/114x100.png/cc0000/ffffff', 'Afrikaans','integer ac neque duis bibendum','1','5','7');
INSERT INTO Book (isbn,title,publisher,pages,summary,available_copies,image,language,keywords,category_id,author_id,sec_category_id) VALUES ('642530477-4','James Gandolfini: Tribute to a Friend','Risperidone','301','luctus rutrum nulla tellus in sagittis dui vel nisl duis ac nibh fusce lacus purus aliquet at feugiat non pretium quis lectus suspendisse potenti in eleifend','5','http://dummyimage.com/177x100.png/cc0000/ffffff', 'Quechua','ut mauris eget massa','5','4','4');
INSERT INTO Book (isbn,title,publisher,pages,summary,available_copies,image,language,keywords,category_id,author_id,sec_category_id) VALUES ('941179520-X','They Bite','ONDANSETRON HYDROCHLORIDE','444','erat eros viverra eget congue eget semper rutrum nulla nunc purus phasellus in felis donec semper sapien a libero nam dui proin leo odio porttitor id consequat in consequat','2','http://dummyimage.com/122x100.png/cc0000/ffffff', 'Fijian','sapien ut nunc vestibulum ante','9','6','10');
INSERT INTO Book (isbn,title,publisher,pages,summary,available_copies,image,language,keywords,category_id,author_id,sec_category_id) VALUES ('957917712-0','Chalk Garden, The','Kleenex Clear Antibacterial Skin Cleanser','677','ligula vehicula consequat morbi a ipsum integer a nibh in quis justo maecenas rhoncus aliquam lacus morbi quis tortor id nulla ultrices aliquet maecenas leo odio condimentum id luctus nec molestie','3','http://dummyimage.com/204x100.png/5fa2dd/ffffff', 'Bengali','aliquam convallis nunc proin','8','9','6');
INSERT INTO Book (isbn,title,publisher,pages,summary,available_copies,image,language,keywords,category_id,author_id,sec_category_id) VALUES ('132141420-X','In Secret','Ear Inflammation Plus','567','lacinia erat vestibulum sed magna at nunc commodo placerat praesent blandit nam nulla integer pede justo lacinia eget tincidunt eget tempus vel pede morbi porttitor lorem id ligula suspendisse ornare consequat lectus in est risus auctor sed tristique in','8','http://dummyimage.com/169x100.png/5fa2dd/ffffff', 'French','leo maecenas pulvinar lobortis est','10','6','1');
INSERT INTO Book (isbn,title,publisher,pages,summary,available_copies,image,language,keywords,category_id,author_id,sec_category_id) VALUES ('916859527-1','Set-Up, The','CVS','647','a libero nam dui proin leo odio porttitor id consequat in consequat ut nulla sed accumsan felis ut at dolor quis odio consequat varius','4','http://dummyimage.com/172x100.png/ff4444/ffffff', 'Tswana','diam in','7','8','6');
INSERT INTO Book (isbn,title,publisher,pages,summary,available_copies,image,language,keywords,category_id,author_id,sec_category_id) VALUES ('363782887-1','Killshot','Pleo Pin','281','diam in magna bibendum imperdiet nullam orci pede venenatis non sodales sed tincidunt eu felis fusce posuere felis sed lacus morbi sem mauris laoreet ut rhoncus aliquet pulvinar sed nisl nunc rhoncus dui vel sem','3','http://dummyimage.com/200x100.png/ff4444/ffffff', 'Oriya','nulla facilisi cras non velit','2','4','3');
INSERT INTO Book (isbn,title,publisher,pages,summary,available_copies,image,language,keywords,category_id,author_id,sec_category_id) VALUES ('082067589-X','Carnival in Flanders','Amlodipine Besylate','685','ligula in lacus curabitur at ipsum ac tellus semper interdum mauris ullamcorper purus sit amet nulla quisque arcu libero','2','http://dummyimage.com/238x100.png/dddddd/000000', 'Korean','nunc donec quis orci eget','5','9','4');
INSERT INTO Book (isbn,title,publisher,pages,summary,available_copies,image,language,keywords,category_id,author_id,sec_category_id) VALUES ('997134666-4','Lives of a Bengal Lancer, The','carboplatin','298','platea dictumst aliquam augue quam sollicitudin vitae consectetuer eget rutrum at lorem integer tincidunt ante vel ipsum praesent blandit lacinia erat vestibulum sed magna at nunc commodo placerat','9','http://dummyimage.com/188x100.png/dddddd/000000', 'Irish Gaelic','nibh in lectus pellentesque','1','6','2');
INSERT INTO Book (isbn,title,publisher,pages,summary,available_copies,image,language,keywords,category_id,author_id,sec_category_id) VALUES ('835003876-4','Executioner, The','Acetaminophen PM','433','porttitor lorem id ligula suspendisse ornare consequat lectus in est risus auctor sed tristique in tempus sit amet sem fusce','5','http://dummyimage.com/139x100.png/dddddd/000000', 'Quechua','pede justo','3','1','9');
INSERT INTO Book (isbn,title,publisher,pages,summary,available_copies,image,language,keywords,category_id,author_id,sec_category_id) VALUES ('512649955-6','Funny Ha Ha','Pioglitazone Hydrochloride','626','eget elit sodales scelerisque mauris sit amet eros suspendisse accumsan tortor quis turpis sed ante','9','http://dummyimage.com/184x100.png/5fa2dd/ffffff', 'Italian','sit amet sem','10','10','4');
INSERT INTO Book (isbn,title,publisher,pages,summary,available_copies,image,language,keywords,category_id,author_id,sec_category_id) VALUES ('141780279-0','Daisy','Smart Sense Childrens Nighttime Cold and Cough','275','orci luctus et ultrices posuere cubilia curae duis faucibus accumsan odio curabitur convallis duis consequat dui nec nisi volutpat eleifend donec ut dolor morbi vel lectus in quam fringilla rhoncus mauris enim leo rhoncus sed vestibulum sit amet','1','http://dummyimage.com/195x100.png/ff4444/ffffff', 'Tswana','odio elementum','2','4','6');
INSERT INTO Book (isbn,title,publisher,pages,summary,available_copies,image,language,keywords,category_id,author_id,sec_category_id) VALUES ('361387901-8','Shag','NITROGEN','641','nunc nisl duis bibendum felis sed interdum venenatis turpis enim blandit mi in porttitor pede justo eu massa','6','http://dummyimage.com/152x100.png/5fa2dd/ffffff', 'Spanish','lacinia nisi','9','10','4');
INSERT INTO Book (isbn,title,publisher,pages,summary,available_copies,image,language,keywords,category_id,author_id,sec_category_id) VALUES ('011566924-8','Suicide Shop, The  ','HILL COUNTRY ESSENTIALS','559','fermentum donec ut mauris eget massa tempor convallis nulla neque libero convallis eget eleifend luctus ultricies eu nibh quisque id','7','http://dummyimage.com/222x100.png/cc0000/ffffff', 'Gagauz','magna bibendum imperdiet nullam orci','9','8','7');
INSERT INTO Book (isbn,title,publisher,pages,summary,available_copies,image,language,keywords,category_id,author_id,sec_category_id) VALUES ('773955020-5','Whistling in Dixie','Acetylcysteine','250','at nunc commodo placerat praesent blandit nam nulla integer pede justo lacinia eget tincidunt eget tempus vel pede morbi porttitor lorem id ligula suspendisse ornare consequat lectus in est risus auctor sed tristique in tempus sit amet sem','2','http://dummyimage.com/216x100.png/cc0000/ffffff', 'Lao','non quam nec dui luctus','5','4','2');
INSERT INTO Book (isbn,title,publisher,pages,summary,available_copies,image,language,keywords,category_id,author_id,sec_category_id) VALUES ('543304002-X','Valentine Road','Divalproex Sodium','263','ut ultrices vel augue vestibulum ante ipsum primis in faucibus orci luctus et ultrices posuere cubilia curae donec pharetra magna vestibulum aliquet ultrices erat tortor sollicitudin mi sit amet','7','http://dummyimage.com/205x100.png/ff4444/ffffff', 'Spanish','pellentesque volutpat dui maecenas','2','9','3');
INSERT INTO Book (isbn,title,publisher,pages,summary,available_copies,image,language,keywords,category_id,author_id,sec_category_id) VALUES ('401224474-4','Monster Walks, The','OXYGEN','746','penatibus et magnis dis parturient montes nascetur ridiculus mus vivamus vestibulum sagittis sapien cum sociis natoque penatibus et magnis dis parturient montes nascetur ridiculus mus etiam vel augue vestibulum rutrum rutrum neque aenean auctor gravida sem praesent id massa','10','http://dummyimage.com/106x100.png/dddddd/000000', 'Luxembourgish','ac est lacinia nisi venenatis','1','1','2');
INSERT INTO Book (isbn,title,publisher,pages,summary,available_copies,image,language,keywords,category_id,author_id,sec_category_id) VALUES ('537370116-5','Knockin  on Heaven s Door','Acetaminophen Extended Release','580','ante nulla justo aliquam quis turpis eget elit sodales scelerisque mauris sit amet eros suspendisse accumsan tortor quis turpis sed ante','1','http://dummyimage.com/159x100.png/ff4444/ffffff', 'Greek','nulla integer pede','1','6','2');
INSERT INTO Book (isbn,title,publisher,pages,summary,available_copies,image,language,keywords,category_id,author_id,sec_category_id) VALUES ('250233255-9','Birdman','Antispetic','468','primis in faucibus orci luctus et ultrices posuere cubilia curae duis faucibus accumsan odio curabitur convallis duis consequat dui nec nisi volutpat eleifend donec','4','http://dummyimage.com/135x100.png/5fa2dd/ffffff', 'Azeri','lacinia aenean sit','3','9','4');
INSERT INTO Book (isbn,title,publisher,pages,summary,available_copies,image,language,keywords,category_id,author_id,sec_category_id) VALUES ('769801659-5','Punksters & Youngsters','Low Dose Aspirin','592','eget nunc donec quis orci eget orci vehicula condimentum curabitur in libero ut massa volutpat convallis morbi odio odio elementum eu interdum eu tincidunt in leo maecenas pulvinar lobortis est phasellus sit amet erat nulla tempus vivamus in felis','4','http://dummyimage.com/212x100.png/cc0000/ffffff', 'Gagauz','primis in faucibus orci','8','1','9');
INSERT INTO Book (isbn,title,publisher,pages,summary,available_copies,image,language,keywords,category_id,author_id,sec_category_id) VALUES ('657154694-9','Prince and the Showgirl, The','Terazosin','642','a libero nam dui proin leo odio porttitor id consequat in consequat ut nulla sed accumsan felis ut at dolor quis odio consequat varius integer ac leo pellentesque ultrices mattis odio donec vitae nisi nam ultrices libero non mattis','5','http://dummyimage.com/206x100.png/dddddd/000000', 'Kyrgyz','nam ultrices','4','9','5');
INSERT INTO Book (isbn,title,publisher,pages,summary,available_copies,image,language,keywords,category_id,author_id,sec_category_id) VALUES ('463906752-6','Clapham Junction','all day relief','325','nisi vulputate nonummy maecenas tincidunt lacus at velit vivamus vel nulla eget eros elementum pellentesque quisque porta volutpat erat quisque erat eros viverra eget congue eget semper rutrum nulla','5','http://dummyimage.com/173x100.png/dddddd/000000', 'Catalan','nec sem','4','8','3');
INSERT INTO Book (isbn,title,publisher,pages,summary,available_copies,image,language,keywords,category_id,author_id,sec_category_id) VALUES ('081471091-3','Room Service','MIDAZOLAM','670','elementum in hac habitasse platea dictumst morbi vestibulum velit id pretium iaculis diam erat fermentum justo nec condimentum neque sapien placerat ante nulla justo aliquam quis turpis eget elit sodales scelerisque mauris sit amet eros suspendisse accumsan tortor quis turpis','6','http://dummyimage.com/172x100.png/5fa2dd/ffffff', 'Bosnian','placerat ante nulla','5','4','6');
INSERT INTO Book (isbn,title,publisher,pages,summary,available_copies,image,language,keywords,category_id,author_id,sec_category_id) VALUES ('615928570-X','No God, No Master','Glucotrol','713','dui luctus rutrum nulla tellus in sagittis dui vel nisl duis ac nibh fusce lacus purus aliquet','3','http://dummyimage.com/139x100.png/ff4444/ffffff', 'Italian','nec sem duis','8','9','9');
INSERT INTO Book (isbn,title,publisher,pages,summary,available_copies,image,language,keywords,category_id,author_id,sec_category_id) VALUES ('641472074-7','Dinosaur','Cough and Cold Real Relief','331','pulvinar sed nisl nunc rhoncus dui vel sem sed sagittis nam congue risus semper porta volutpat quam pede lobortis ligula sit amet eleifend pede libero quis orci nullam molestie nibh in lectus pellentesque at nulla suspendisse potenti','8','http://dummyimage.com/242x100.png/ff4444/ffffff', 'Macedonian','fringilla rhoncus','3','7','9');
INSERT INTO Book (isbn,title,publisher,pages,summary,available_copies,image,language,keywords,category_id,author_id,sec_category_id) VALUES ('658631078-4','Legal Deceit','Doxycycline Hyclate','472','odio donec vitae nisi nam ultrices libero non mattis pulvinar nulla pede ullamcorper augue a suscipit nulla elit ac nulla sed vel enim sit','5','http://dummyimage.com/107x100.png/ff4444/ffffff', 'Estonian','id nulla ultrices','1','9','5');
INSERT INTO Book (isbn,title,publisher,pages,summary,available_copies,image,language,keywords,category_id,author_id,sec_category_id) VALUES ('779191301-1','Bad Boy Bubby','Invigorate Male Remedy No. 22','664','etiam justo etiam pretium iaculis justo in hac habitasse platea dictumst etiam faucibus cursus urna ut tellus nulla ut erat id mauris','2','http://dummyimage.com/155x100.png/cc0000/ffffff', 'Portuguese','magna bibendum imperdiet nullam','10','1','4');
INSERT INTO Book (isbn,title,publisher,pages,summary,available_copies,image,language,keywords,category_id,author_id,sec_category_id) VALUES ('047315667-9','Kronos','mupirocin','542','luctus tincidunt nulla mollis molestie lorem quisque ut erat curabitur gravida nisi at nibh in hac habitasse platea dictumst aliquam augue quam sollicitudin vitae consectetuer eget','7','http://dummyimage.com/239x100.png/cc0000/ffffff', 'Albanian','etiam faucibus cursus urna ut','3','6','10');
INSERT INTO Book (isbn,title,publisher,pages,summary,available_copies,image,language,keywords,category_id,author_id,sec_category_id) VALUES ('054567213-9','Paper Clips','Diltiazem Hydrochloride','306','porttitor lorem id ligula suspendisse ornare consequat lectus in est risus auctor sed tristique in tempus sit amet sem fusce consequat nulla nisl nunc nisl duis','4','http://dummyimage.com/104x100.png/cc0000/ffffff', 'Kazakh','nam ultrices libero non mattis','3','1','10');
INSERT INTO Book (isbn,title,publisher,pages,summary,available_copies,image,language,keywords,category_id,author_id,sec_category_id) VALUES ('053828033-6','Too Big to Fail','SH18','778','mauris laoreet ut rhoncus aliquet pulvinar sed nisl nunc rhoncus dui vel sem sed sagittis nam congue risus semper porta volutpat quam pede lobortis ligula sit','5','http://dummyimage.com/230x100.png/5fa2dd/ffffff', 'Belarusian','risus dapibus augue','8','4','9');
INSERT INTO Book (isbn,title,publisher,pages,summary,available_copies,image,language,keywords,category_id,author_id,sec_category_id) VALUES ('514959887-9','Town & Country','Albuterol Sulfate','651','leo odio porttitor id consequat in consequat ut nulla sed accumsan felis ut at dolor quis odio consequat varius integer ac','1','http://dummyimage.com/139x100.png/cc0000/ffffff', 'Zulu','non sodales','2','5','6');
INSERT INTO Book (isbn,title,publisher,pages,summary,available_copies,image,language,keywords,category_id,author_id,sec_category_id) VALUES ('361586133-7','See No Evil','Agaricus e pl. tota 4 Special Order','251','dictumst etiam faucibus cursus urna ut tellus nulla ut erat id mauris vulputate elementum nullam varius nulla facilisi cras non velit nec nisi vulputate nonummy maecenas tincidunt lacus at velit vivamus vel','7','http://dummyimage.com/204x100.png/cc0000/ffffff', 'Zulu','erat nulla tempus vivamus in','3','4','5');
INSERT INTO Book (isbn,title,publisher,pages,summary,available_copies,image,language,keywords,category_id,author_id,sec_category_id) VALUES ('125948139-5','Zulu Dawn','Levocetirizine Dihydrochloride','675','pede morbi porttitor lorem id ligula suspendisse ornare consequat lectus in est risus auctor sed tristique in tempus sit amet sem fusce consequat nulla nisl nunc nisl duis bibendum felis sed interdum venenatis turpis enim blandit mi in','3','http://dummyimage.com/244x100.png/5fa2dd/ffffff', 'Thai','blandit ultrices enim lorem','10','3','1'); 
INSERT INTO Book (isbn,title,publisher,pages,summary,available_copies,image,language,keywords,category_id,author_id,sec_category_id) VALUES ('619226621-2','Carrie','bacitracin zinc','282','lectus vestibulum quam sapien varius ut blandit non interdum in ante vestibulum ante ipsum primis in faucibus orci luctus et ultrices posuere cubilia curae duis faucibus accumsan odio curabitur convallis duis consequat dui nec nisi','2','http://dummyimage.com/183x100.png/ff4444/ffffff', 'Korean','ac leo pellentesque ultrices','4','5','7');
INSERT INTO Book (isbn,title,publisher,pages,summary,available_copies,image,language,keywords,category_id,author_id,sec_category_id) VALUES ('396802058-8','Quadrophenia','Velphoro','440','pulvinar sed nisl nunc rhoncus dui vel sem sed sagittis nam congue risus semper porta volutpat quam pede lobortis ligula sit amet eleifend pede libero quis orci nullam molestie nibh in','2','http://dummyimage.com/185x100.png/cc0000/ffffff', 'Aymara','et ultrices posuere','2','6','9');
INSERT INTO Book (isbn,title,publisher,pages,summary,available_copies,image,language,keywords,category_id,author_id,sec_category_id) VALUES ('214383447-0','Against The Sun','Treatment Set TS345381','567','ultrices posuere cubilia curae nulla dapibus dolor vel est donec odio justo sollicitudin ut suscipit a feugiat et eros vestibulum ac','7','http://dummyimage.com/176x100.png/cc0000/ffffff', 'Guaraní','blandit nam nulla integer pede','8','5','6');
INSERT INTO Book (isbn,title,publisher,pages,summary,available_copies,image,language,keywords,category_id,author_id,sec_category_id) VALUES ('712049678-6','Chaos','Head and Shoulders','561','turpis integer aliquet massa id lobortis convallis tortor risus dapibus augue vel accumsan tellus nisi eu orci mauris lacinia sapien quis libero nullam sit amet turpis elementum ligula vehicula consequat morbi a ipsum integer','6','http://dummyimage.com/130x100.png/ff4444/ffffff', 'Indonesian','nulla nisl nunc nisl duis','6','2','5');
INSERT INTO Book (isbn,title,publisher,pages,summary,available_copies,image,language,keywords,category_id,author_id,sec_category_id) VALUES ('201251567-3','D-Day','Kogenate FS','554','quam fringilla rhoncus mauris enim leo rhoncus sed vestibulum sit amet cursus id turpis integer aliquet massa id lobortis convallis tortor risus dapibus augue vel accumsan tellus nisi eu','1','http://dummyimage.com/161x100.png/dddddd/000000', 'Afrikaans','ligula vehicula consequat','5','8','4'); 
INSERT INTO Book (isbn,title,publisher,pages,summary,available_copies,image,language,keywords,category_id,author_id,sec_category_id) VALUES ('819821322-8','Lili','Maximum','342','non mi integer ac neque duis bibendum morbi non quam nec dui luctus rutrum nulla tellus in sagittis dui vel nisl duis ac nibh','1','http://dummyimage.com/214x100.png/dddddd/000000', 'Indonesian','non lectus aliquam sit','2','5','3');
INSERT INTO Book (isbn,title,publisher,pages,summary,available_copies,image,language,keywords,category_id,author_id,sec_category_id) VALUES ('608435358-4','Candy','Losartan Potassium','600','aliquet at feugiat non pretium quis lectus suspendisse potenti in eleifend quam a odio in hac habitasse platea dictumst maecenas ut massa quis','1','http://dummyimage.com/247x100.png/ff4444/ffffff', 'French','magna bibendum imperdiet nullam orci','9','7','5');
INSERT INTO Book (isbn,title,publisher,pages,summary,available_copies,image,language,keywords,category_id,author_id,sec_category_id) VALUES ('816326603-1','Virus X','Simply Numb Endure','577','vestibulum proin eu mi nulla ac enim in tempor turpis nec euismod scelerisque quam turpis adipiscing lorem vitae mattis nibh ligula nec sem duis aliquam','4','http://dummyimage.com/179x100.png/cc0000/ffffff', 'German','augue luctus tincidunt','3','6','9'); 
INSERT INTO Book (isbn,title,publisher,pages,summary,available_copies,image,language,keywords,category_id,author_id,sec_category_id) VALUES ('453022965-3','Another Nine & a Half Weeks)','INSTANT HAND SANITIZER','325','vestibulum aliquet ultrices erat tortor sollicitudin mi sit amet lobortis sapien sapien non mi integer ac neque duis bibendum morbi non quam nec dui luctus rutrum nulla','1','http://dummyimage.com/213x100.png/dddddd/000000', 'Dzongkha','auctor sed tristique','10','5','1');
INSERT INTO Book (isbn,title,publisher,pages,summary,available_copies,image,language,keywords,category_id,author_id,sec_category_id) VALUES ('988997779-6','Shaolin Temple ','Chlordiazepoxide Hydrochloride','731','nisi vulputate nonummy maecenas tincidunt lacus at velit vivamus vel nulla eget eros elementum pellentesque','3','http://dummyimage.com/216x100.png/ff4444/ffffff', 'Persian','sed tincidunt eu','4','4','3');
INSERT INTO Book (isbn,title,publisher,pages,summary,available_copies,image,language,keywords,category_id,author_id,sec_category_id) VALUES ('119479645-1','Tropical Malady ','Valium','301','donec posuere metus vitae ipsum aliquam non mauris morbi non lectus aliquam sit amet diam in magna bibendum imperdiet nullam orci pede venenatis non sodales sed','8','http://dummyimage.com/244x100.png/5fa2dd/ffffff', 'Dhivehi','curae mauris viverra diam','6','10','5');
INSERT INTO Book (isbn,title,publisher,pages,summary,available_copies,image,language,keywords,category_id,author_id,sec_category_id) VALUES ('750719337-3','Career Opportunities','Alprazolam','362','vel enim sit amet nunc viverra dapibus nulla suscipit ligula in lacus curabitur at ipsum ac tellus semper interdum mauris ullamcorper purus sit amet nulla quisque arcu libero rutrum ac lobortis vel dapibus at diam nam tristique tortor eu pede','10','http://dummyimage.com/205x100.png/ff4444/ffffff', 'New Zealand Sign Language','at turpis a pede posuere','6','2','7');
INSERT INTO Book (isbn,title,publisher,pages,summary,available_copies,image,language,keywords,category_id,author_id,sec_category_id) VALUES ('111231463-6','Man on Wire','Ultram','559','consequat morbi a ipsum integer a nibh in quis justo maecenas rhoncus aliquam lacus morbi','1','http://dummyimage.com/221x100.png/cc0000/ffffff', 'Japanese','ligula suspendisse','6','9','8');
INSERT INTO Book (isbn,title,publisher,pages,summary,available_copies,image,language,keywords,category_id,author_id,sec_category_id) VALUES ('993781174-0','Marnie','Coppertone','568','suspendisse potenti cras in purus eu magna vulputate luctus cum sociis natoque penatibus et magnis dis parturient montes nascetur ridiculus mus vivamus vestibulum sagittis sapien cum sociis natoque penatibus et magnis','3','http://dummyimage.com/108x100.png/dddddd/000000', 'Assamese','ante vestibulum ante ipsum','1','9','10');
INSERT INTO Book (isbn,title,publisher,pages,summary,available_copies,image,language,keywords,category_id,author_id,sec_category_id) VALUES ('365955916-4','I Will Fight No More Forever','Guaifenesin and Codeine Phosphate','721','vel est donec odio justo sollicitudin ut suscipit a feugiat et eros vestibulum ac est lacinia nisi venenatis tristique fusce congue diam id ornare imperdiet sapien urna pretium nisl','7','http://dummyimage.com/201x100.png/dddddd/000000', 'Tswana','eleifend luctus ultricies','10','4','7');
INSERT INTO Book (isbn,title,publisher,pages,summary,available_copies,image,language,keywords,category_id,author_id,sec_category_id) VALUES ('590992211-4','Gone Nutty','Kids-EEZE','549','aliquam lacus morbi quis tortor id nulla ultrices aliquet maecenas leo odio condimentum id luctus nec molestie sed justo','6','http://dummyimage.com/154x100.png/ff4444/ffffff', 'Icelandic','dignissim vestibulum vestibulum ante ipsum','4','4','6');
INSERT INTO Book (isbn,title,publisher,pages,summary,available_copies,image,language,keywords,category_id,author_id,sec_category_id) VALUES ('168380046-X','Searching for Bobby Fischer','Nighttime Cold and Flu','300','potenti cras in purus eu magna vulputate luctus cum sociis natoque penatibus et magnis dis parturient montes nascetur ridiculus mus vivamus vestibulum sagittis sapien cum','6','http://dummyimage.com/241x100.png/dddddd/000000', 'Malay','amet sem fusce consequat nulla','8','8','7');
INSERT INTO Book (isbn,title,publisher,pages,summary,available_copies,image,language,keywords,category_id,author_id,sec_category_id) VALUES ('246489932-1','Zandalee','Fludrocortisone Acetate','312','nisi at nibh in hac habitasse platea dictumst aliquam augue quam sollicitudin vitae consectetuer eget rutrum at lorem integer tincidunt ante vel ipsum praesent blandit lacinia erat vestibulum sed','2','http://dummyimage.com/109x100.png/5fa2dd/ffffff', 'Khmer','quis odio','4','2','3');
INSERT INTO Book (isbn,title,publisher,pages,summary,available_copies,image,language,keywords,category_id,author_id,sec_category_id) VALUES ('093136424-8','Fury','Cimetidine','357','vel nulla eget eros elementum pellentesque quisque porta volutpat erat quisque erat eros viverra eget congue eget semper','10','http://dummyimage.com/112x100.png/cc0000/ffffff', 'Arabic','sapien cum sociis natoque','7','9','6');
INSERT INTO Book (isbn,title,publisher,pages,summary,available_copies,image,language,keywords,category_id,author_id,sec_category_id) VALUES ('044983320-8','Moment After, The','Home Care Fluoride','652','curabitur at ipsum ac tellus semper interdum mauris ullamcorper purus sit amet nulla quisque arcu libero','2','http://dummyimage.com/118x100.png/dddddd/000000', 'Romanian','vitae mattis nibh','8','9','4');
INSERT INTO Book (isbn,title,publisher,pages,summary,available_copies,image,language,keywords,category_id,author_id,sec_category_id) VALUES ('539931091-0','Time Out ','Covergirl Outlast Stay Fabulous 3in1 Foundation','668','pretium quis lectus suspendisse potenti in eleifend quam a odio in hac habitasse platea dictumst maecenas ut massa quis augue','6','http://dummyimage.com/160x100.png/ff4444/ffffff', 'Latvian','risus dapibus augue','3','5','1');
INSERT INTO Book (isbn,title,publisher,pages,summary,available_copies,image,language,keywords,category_id,author_id,sec_category_id) VALUES ('890360913-1','L.A. Zombie','Promethazine Hydrochloride','769','justo eu massa donec dapibus duis at velit eu est congue elementum in hac habitasse platea dictumst morbi vestibulum velit id pretium iaculis diam erat fermentum justo nec','4','http://dummyimage.com/113x100.png/5fa2dd/ffffff', 'Tajik','odio elementum eu interdum eu','8','9','1');
INSERT INTO Book (isbn,title,publisher,pages,summary,available_copies,image,language,keywords,category_id,author_id,sec_category_id) VALUES ('100084500-1','The Ghosts in Our Machine','Loratadine','411','pede justo eu massa donec dapibus duis at velit eu est congue elementum in hac habitasse','10','http://dummyimage.com/121x100.png/cc0000/ffffff', 'Belarusian','magna bibendum imperdiet','9','7','6');
INSERT INTO Book (isbn,title,publisher,pages,summary,available_copies,image,language,keywords,category_id,author_id,sec_category_id) VALUES ('733528309-4','Ocean Heaven ','Weight Loss Solution','682','ligula nec sem duis aliquam convallis nunc proin at turpis a pede posuere nonummy integer non velit donec diam neque vestibulum eget vulputate ut ultrices vel augue vestibulum ante ipsum primis','2','http://dummyimage.com/135x100.png/cc0000/ffffff', 'Icelandic','lorem id','8','10','7');
INSERT INTO Book (isbn,title,publisher,pages,summary,available_copies,image,language,keywords,category_id,author_id,sec_category_id) VALUES ('081143720-5','Act of Violence','Lorazepam','705','id justo sit amet sapien dignissim vestibulum vestibulum ante ipsum primis in faucibus orci luctus et ultrices posuere cubilia curae nulla dapibus dolor vel est donec odio justo sollicitudin ut suscipit a feugiat et eros vestibulum ac est lacinia','1','http://dummyimage.com/134x100.png/5fa2dd/ffffff', 'Thai','nascetur ridiculus','10','8','9');

INSERT INTO School VALUES ('1','Parker-Kiehn','PO Box 13084','Pandan Niog','hgoldston0@ox.ac.uk','961-946-4370','Web Esson', 'Adelaida Redwall');
INSERT INTO School VALUES ('2','Lakin-Kunde','Suite 7','Dunlewy','dburmaster1@dell.com','693-429-0510','Cherin Navarre', 'Colas Rebbeck');
INSERT INTO School VALUES ('3','Kilback, Jacobi and Kertzmann','Room 1113','Yerofey Pavlovich','tdi2@behance.net','635-584-5088','Donni McInally', 'Wakefield Womack');
INSERT INTO School VALUES ('4','Moen, Zulauf and Deckow','PO Box 37732','Raas','sbareford3@webmd.com','987-355-7357','Cris Freer', 'Barrett Carnegie');
INSERT INTO School VALUES ('5','Goyette, Carter and Terry','Suite 50','Aktau','lkimmerling4@addtoany.com','898-338-9584','Elsbeth Duffit', 'Merell Hurkett');

INSERT INTO User (username, password, first_name, last_name, email, user_type, school_id, approved, age) VALUES ('mhurkett0','39q0xHZAos','Merell','Hurkett','mhurkett0@hp.com','library_operator','5', '1','46');
INSERT INTO User (username, password, first_name, last_name, email, user_type, school_id, approved, age) VALUES ('jsemered1','VVWsu5nCoR','Jaquenetta','Semered','jsemered1@state.tx.us','student','4', '1','16');
INSERT INTO User (username, password, first_name, last_name, email, user_type, school_id, approved, age) VALUES ('rdoig2','3Jc3Vn','Raychel','Doig','rdoig2@bbb.org','professor','5', '1','53');
INSERT INTO User (username, password, first_name, last_name, email, user_type, school_id, approved, age) VALUES ('zforrestall3','bEFDabzgz4z','Zahara','Forrestall','zforrestall3@umich.edu','student','1', '1','13');
INSERT INTO User (username, password, first_name, last_name, email, user_type, school_id, approved, age) VALUES ('ojeskin4','NO8Eplqsy','Opaline','Jeskin','ojeskin4@wikispaces.com','student','4', '1','14');
INSERT INTO User (username, password, first_name, last_name, email, user_type, school_id, approved, age) VALUES ('boolahan5','8F2tmgoWIVBU','Bone','Oolahan','boolahan5@usnews.com','administrator','1', '1','59');
INSERT INTO User (username, password, first_name, last_name, email, user_type, school_id, approved, age) VALUES ('wambler6','rG7BDuKzUBNJ','Waneta','Ambler','wambler6@addtoany.com','student','1', '1','13');
INSERT INTO User (username, password, first_name, last_name, email, user_type, school_id, approved, age) VALUES ('dbynold7','LMsaZ87A3rMz','Dareen','Bynold','dbynold7@geocities.com','student','2', '1','13');
INSERT INTO User (username, password, first_name, last_name, email, user_type, school_id, approved, age) VALUES ('sansell8','NPnx9FluLmP','Scarface','Ansell','sansell8@nifty.com','student','4', '1','17');
INSERT INTO User (username, password, first_name, last_name, email, user_type, school_id, approved, age) VALUES ('mtumelty9','8dcimd','Myra','Tumelty','mtumelty9@reverbnation.com','professor','2', '1','38');
INSERT INTO User (username, password, first_name, last_name, email, user_type, school_id, approved, age) VALUES ('aredwalla','Y4JY5ZBX','Adelaida','Redwall','aredwalla@desdev.cn','library_operator','1', '1','40');
INSERT INTO User (username, password, first_name, last_name, email, user_type, school_id, approved, age) VALUES ('bcarnegieb','3tDOUhU','Barrett','Carnegie','bcarnegieb@nydailynews.com','library_operator','4', '1','35');
INSERT INTO User (username, password, first_name, last_name, email, user_type, school_id, approved, age) VALUES ('croddc','pBmX7kjjKwuj','Curry','Rodd','croddc@cargocollective.com','professor','1', '1','32');
INSERT INTO User (username, password, first_name, last_name, email, user_type, school_id, approved, age) VALUES ('klountd','X4AOma','Kaylyn','Lount','klountd@friendfeed.com','professor','4', '1','51');
INSERT INTO User (username, password, first_name, last_name, email, user_type, school_id, approved, age) VALUES ('mkaygille','dxrObifZv5','Marybeth','Kaygill','mkaygille@angelfire.com','professor','1', '1','37');
INSERT INTO User (username, password, first_name, last_name, email, user_type, school_id, approved, age) VALUES ('ghulettf','Y03dSXbudqVJ','Granny','Hulett','ghulettf@census.gov','professor','1', '1','42');
INSERT INTO User (username, password, first_name, last_name, email, user_type, school_id, approved, age) VALUES ('dtrimbyg','LrMrUaa4Jb5c','Dolf','Trimby','dtrimbyg@nhs.uk','professor','5', '1','54');
INSERT INTO User (username, password, first_name, last_name, email, user_type, school_id, approved, age) VALUES ('mminnetteh','IxvlUWKB4h','Morgan','Minnette','mminnetteh@apple.com','student','4', '1','12');
INSERT INTO User (username, password, first_name, last_name, email, user_type, school_id, approved, age) VALUES ('wwomacki','iaLNg7YZAUew','Wakefield','Womack','wwomacki@apache.org','library_operator','3', '1','50');
INSERT INTO User (username, password, first_name, last_name, email, user_type, school_id, approved, age) VALUES ('crebbeckj','KL7RNw9Lsd','Colas','Rebbeck','crebbeckj@ebay.co.uk','library_operator','2', '1','44');
INSERT INTO User (username, password, first_name, last_name, email, user_type, school_id, approved, age) VALUES ('rkielyk','3x1dqU','Reuven','Kiely','rkielyk@reference.com','student','1', '1','17');
INSERT INTO User (username, password, first_name, last_name, email, user_type, school_id, approved, age) VALUES ('cshemeltl','3q9jjD4MzmKJ','Cass','Shemelt','cshemeltl@blog.com','student','1', '1','13');
INSERT INTO User (username, password, first_name, last_name, email, user_type, school_id, approved, age) VALUES ('cfaulderm','UWeakD','Chauncey','Faulder','cfaulderm@accuweather.com','professor','3', '1','39');
INSERT INTO User (username, password, first_name, last_name, email, user_type, school_id, approved, age) VALUES ('lilyinykhn','MbhM8kwu','Latrina','Ilyinykh','lilyinykhn@wordpress.org','student','5', '1','15');
INSERT INTO User (username, password, first_name, last_name, email, user_type, school_id, approved, age) VALUES ('btreskeo','nmUWz8BZ6Ok5','Berton','Treske','btreskeo@sphinn.com','student','1', '1','13');
INSERT INTO User (username, password, first_name, last_name, email, user_type, school_id, approved, age) VALUES ('cdemep','kIfKpDotR','Cyndie','Deme','cdemep@cpanel.net','student','1', '1','13');
INSERT INTO User (username, password, first_name, last_name, email, user_type, school_id, approved, age) VALUES ('mriddickq','9aKvETb3a3','Marcelo','Riddick','mriddickq@princeton.edu','professor','2', '1','49');
INSERT INTO User (username, password, first_name, last_name, email, user_type, school_id, approved, age) VALUES ('hewdaler','fF7JM9YFASk','Hedy','Ewdale','hewdaler@vistaprint.com','student','3', '1','14');
INSERT INTO User (username, password, first_name, last_name, email, user_type, school_id, approved, age) VALUES ('bdecourcys','DOPRaCOVhg','Benyamin','Decourcy','bdecourcys@sitemeter.com','student','1', '1','14');
INSERT INTO User (username, password, first_name, last_name, email, user_type, school_id, approved, age) VALUES ('gfinicjt','twS33H','Goran','Finicj','gfinicjt@myspace.com','student','3', '1','14');
INSERT INTO User (username, password, first_name, last_name, email, user_type, school_id, approved, age) VALUES ('zscimoniu','igf13KQXz5t','Zackariah','Scimoni','zscimoniu@discovery.com','student','1', '1','17');
INSERT INTO User (username, password, first_name, last_name, email, user_type, school_id, approved, age) VALUES ('jpirouetv','Ah2BVebXO','Jaquelin','Pirouet','jpirouetv@linkedin.com','student','3', '1','14');
INSERT INTO User (username, password, first_name, last_name, email, user_type, school_id, approved, age) VALUES ('bballeinew','LOpxU2','Bertina','Balleine','bballeinew@cdbaby.com','student','4', '1','15');
INSERT INTO User (username, password, first_name, last_name, email, user_type, school_id, approved, age) VALUES ('dbadseyx','9q6U6j3','Danette','Badsey','dbadseyx@goodreads.com','student','1', '1','18');
INSERT INTO User (username, password, first_name, last_name, email, user_type, school_id, approved, age) VALUES ('dtittay','7fnoAt','Dodie','Titta','dtittay@eepurl.com','professor','1', '1','35');
INSERT INTO User (username, password, first_name, last_name, email, user_type, school_id, approved, age) VALUES ('hravenz','TONLrQt','Hill','Raven','hravenz@usa.gov','student','1', '1','13');
INSERT INTO User (username, password, first_name, last_name, email, user_type, school_id, approved, age) VALUES ('ckonert10','ty5urQ','Calypso','Konert','ckonert10@europa.eu','student','4', '1','13');
INSERT INTO User (username, password, first_name, last_name, email, user_type, school_id, approved, age) VALUES ('okasper11','AtKRn6N','Olivette','Kasper','okasper11@bluehost.com','student','4', '1','16');
INSERT INTO User (username, password, first_name, last_name, email, user_type, school_id, approved, age) VALUES ('mocahill12','hBzoQvD7','Marv','O Cahill','mocahill12@bluehost.com','student','3', '1','17');
INSERT INTO User (username, password, first_name, last_name, email, user_type, school_id, approved, age) VALUES ('sitzkin13','gDSt9GNBFyHa','Seamus','Itzkin','sitzkin13@ow.ly','student','1', '1','15');
INSERT INTO User (username, password, first_name, last_name, email, user_type, school_id, approved, age) VALUES ('jfarish14','cTfOlCZ','Jacob','Farish','jfarish14@admin.ch','student','3', '1','13');
INSERT INTO User (username, password, first_name, last_name, email, user_type, school_id, approved, age) VALUES ('fmathiasen15','cjKxPA','Ferdinand','Mathiasen','fmathiasen15@dailymail.co.uk','professor','2', '1','42');
INSERT INTO User (username, password, first_name, last_name, email, user_type, school_id, approved, age) VALUES ('sessam16','BOmEy6hcRuZ','Saul','Essam','sessam16@diigo.com','student','3', '1','12');
INSERT INTO User (username, password, first_name, last_name, email, user_type, school_id, approved, age) VALUES ('ngavrielli17','8j74JKF','Nada','Gavrielli','ngavrielli17@adobe.com','student','1', '1','12');
INSERT INTO User (username, password, first_name, last_name, email, user_type, school_id, approved, age) VALUES ('capthorpe18','mY03PswnjrrH','Calley','Apthorpe','capthorpe18@hao123.com','student','2', '1','14');
INSERT INTO User (username, password, first_name, last_name, email, user_type, school_id, approved, age) VALUES ('achasle19','xpR5Kb9e','Andromache','Chasle','achasle19@apple.com','student','5', '1','13');
INSERT INTO User (username, password, first_name, last_name, email, user_type, school_id, approved, age) VALUES ('gdando1a','ta06pPuPoR','Grannie','Dando','gdando1a@fotki.com','student','4', '1','13');
INSERT INTO User (username, password, first_name, last_name, email, user_type, school_id, approved, age) VALUES ('valdam1b','nCnu87sT','Vincenz','Aldam','valdam1b@unc.edu','professor','5', '1','33');
INSERT INTO User (username, password, first_name, last_name, email, user_type, school_id, approved, age) VALUES ('dprimarolo1c','pjZ8Zw','Daveta','Primarolo','dprimarolo1c@accuweather.com','student','1', '1','12');
INSERT INTO User (username, password, first_name, last_name, email, user_type, school_id, approved, age) VALUES ('wsedgebeer1d','Bn5ExsL','Winnifred','Sedgebeer','wsedgebeer1d@google.pl','student','1', '1','15');

INSERT INTO Borrow (borrowing_date,returning_date, user_id, isbn, operator_id) VALUES ('2023-04-18','45041','46','897953329-2','11');
INSERT INTO Borrow (borrowing_date,returning_date, user_id, isbn, operator_id) VALUES ('2023-05-14','45067','25','066558704-X','19');
INSERT INTO Borrow (borrowing_date,returning_date, user_id, isbn, operator_id) VALUES ('2023-04-22','45045','16','198265541-0','1');
INSERT INTO Borrow (borrowing_date,returning_date, user_id, isbn, operator_id) VALUES ('2023-05-22','45075','41','250295392-8','20');
INSERT INTO Borrow (borrowing_date,returning_date, user_id, isbn, operator_id) VALUES ('2023-05-02','45055','43','399961405-6','12');
INSERT INTO Borrow (borrowing_date,returning_date, user_id, isbn, operator_id) VALUES ('2023-04-15','45038','31','996242802-5','12');
INSERT INTO Borrow (borrowing_date,returning_date, user_id, isbn, operator_id) VALUES ('2023-05-11','45064','46','852956061-2','20');
INSERT INTO Borrow (borrowing_date,returning_date, user_id, isbn, operator_id) VALUES ('2023-04-12','45035','13','166585190-2','1');
INSERT INTO Borrow (borrowing_date,returning_date, user_id, isbn, operator_id) VALUES ('2023-05-12','45065','24','074923923-9','11');
INSERT INTO Borrow (borrowing_date,returning_date, user_id, isbn, operator_id) VALUES ('2023-05-31','45084','21','463676858-2','19');
INSERT INTO Borrow (borrowing_date,returning_date, user_id, isbn, operator_id) VALUES ('2023-04-13','45036','50','182493179-4','1');
INSERT INTO Borrow (borrowing_date,returning_date, user_id, isbn, operator_id) VALUES ('2023-04-12','45035','2','357880719-2','11');
INSERT INTO Borrow (borrowing_date,returning_date, user_id, isbn, operator_id) VALUES ('2023-04-30','45053','29','365393214-9','20');
INSERT INTO Borrow (borrowing_date,returning_date, user_id, isbn, operator_id) VALUES ('2023-05-25','45078','8','642530477-4','12');
INSERT INTO Borrow (borrowing_date,returning_date, user_id, isbn, operator_id) VALUES ('2023-04-21','45044','19','941179520-X','12');
INSERT INTO Borrow (borrowing_date,returning_date, user_id, isbn, operator_id) VALUES ('2023-04-23','45046','38','957917712-0','12');
INSERT INTO Borrow (borrowing_date,returning_date, user_id, isbn, operator_id) VALUES ('2023-05-22','45075','18','132141420-X','1');
INSERT INTO Borrow (borrowing_date,returning_date, user_id, isbn, operator_id) VALUES ('2023-06-01','45085','38','916859527-1','19');
INSERT INTO Borrow (borrowing_date,returning_date, user_id, isbn, operator_id) VALUES ('2023-05-04','45057','7','363782887-1','19');
INSERT INTO Borrow (borrowing_date,returning_date, user_id, isbn, operator_id) VALUES ('2023-04-15','45038','50','082067589-X','11');
INSERT INTO Borrow (borrowing_date,returning_date, user_id, isbn, operator_id) VALUES ('2023-04-26','45049','9','997134666-4','12');
INSERT INTO Borrow (borrowing_date,returning_date, user_id, isbn, operator_id) VALUES ('2023-05-16','45069','31','835003876-4','1');
INSERT INTO Borrow (borrowing_date,returning_date, user_id, isbn, operator_id) VALUES ('2023-05-07','45061','17','512649955-6','11');
INSERT INTO Borrow (borrowing_date,returning_date, user_id, isbn, operator_id) VALUES ('2023-04-26','45049','45','141780279-0','20');
INSERT INTO Borrow (borrowing_date,returning_date, user_id, isbn, operator_id) VALUES ('2023-05-08','45061','28','361387901-8','12');
INSERT INTO Borrow (borrowing_date,returning_date, user_id, isbn, operator_id) VALUES ('2023-05-08','45061','27','011566924-8','19');
INSERT INTO Borrow (borrowing_date,returning_date, user_id, isbn, operator_id) VALUES ('2023-05-15','45068','31','773955020-5','12');
INSERT INTO Borrow (borrowing_date,returning_date, user_id, isbn, operator_id) VALUES ('2023-04-12','45035','47','543304002-X','20');
INSERT INTO Borrow (borrowing_date,returning_date, user_id, isbn, operator_id) VALUES ('2023-05-14','45067','48','401224474-4','11');
INSERT INTO Borrow (borrowing_date,returning_date, user_id, isbn, operator_id) VALUES ('2023-05-28','45081','28','537370116-5','19');
INSERT INTO Borrow (borrowing_date,returning_date, user_id, isbn, operator_id) VALUES ('2023-05-22','45075','8','250233255-9','19');
INSERT INTO Borrow (borrowing_date,returning_date, user_id, isbn, operator_id) VALUES ('2023-04-17','45041','15','769801659-5','11');
INSERT INTO Borrow (borrowing_date,returning_date, user_id, isbn, operator_id) VALUES ('2023-05-20','45073','35','657154694-9','19');
INSERT INTO Borrow (borrowing_date,returning_date, user_id, isbn, operator_id) VALUES ('2023-05-31','45084','41','463906752-6','1');
INSERT INTO Borrow (borrowing_date,returning_date, user_id, isbn, operator_id) VALUES ('2023-05-22','45075','6','081471091-3','1');
INSERT INTO Borrow (borrowing_date,returning_date, user_id, isbn, operator_id) VALUES ('2023-05-25','45078','10','615928570-X','20');
INSERT INTO Borrow (borrowing_date,returning_date, user_id, isbn, operator_id) VALUES ('2023-04-11','45034','32','641472074-7','11');
INSERT INTO Borrow (borrowing_date,returning_date, user_id, isbn, operator_id) VALUES ('2023-05-06','45059','50','658631078-4','1');
INSERT INTO Borrow (borrowing_date,returning_date, user_id, isbn, operator_id) VALUES ('2023-06-01','45085','45','779191301-1','19');
INSERT INTO Borrow (borrowing_date,returning_date, user_id, isbn, operator_id) VALUES ('2023-04-17','45041','18','047315667-9','20');
INSERT INTO Borrow (borrowing_date,returning_date, user_id, isbn, operator_id) VALUES ('2023-05-03','45056','43','054567213-9','12');
INSERT INTO Borrow (borrowing_date,returning_date, user_id, isbn, operator_id) VALUES ('2023-05-17','45071','50','053828033-6','19');
INSERT INTO Borrow (borrowing_date,returning_date, user_id, isbn, operator_id) VALUES ('2023-04-29','45052','32','514959887-9','12');
INSERT INTO Borrow (borrowing_date,returning_date, user_id, isbn, operator_id) VALUES ('2023-05-05','45058','37','361586133-7','1');
INSERT INTO Borrow (borrowing_date,returning_date, user_id, isbn, operator_id) VALUES ('2023-05-08','45061','50','125948139-5','12');
INSERT INTO Borrow (borrowing_date,returning_date, user_id, isbn, operator_id) VALUES ('2023-04-28','45051','47','619226621-2','11');
INSERT INTO Borrow (borrowing_date,returning_date, user_id, isbn, operator_id) VALUES ('2023-04-16','45039','39','396802058-8','12');
INSERT INTO Borrow (borrowing_date,returning_date, user_id, isbn, operator_id) VALUES ('2023-05-23','45076','25','214383447-0','19');
INSERT INTO Borrow (borrowing_date,returning_date, user_id, isbn, operator_id) VALUES ('2023-04-27','45051','5','712049678-6','20');
INSERT INTO Borrow (borrowing_date,returning_date, user_id, isbn, operator_id) VALUES ('2023-05-29','45082','7','201251567-3','20');


UPDATE borrow 
SET returning_date = DATE_ADD(borrowing_date, INTERVAL 7 DAY);

UPDATE borrow
set operator_id = 1
WHERE user_id IN (select user_id 
		from user u 
        where school_id = 5);
        
UPDATE borrow
set operator_id = 19
WHERE user_id IN (select user_id 
		from user u 
        where school_id = 3);
        
UPDATE borrow
set operator_id = 20
WHERE user_id IN (select user_id 
		from user u 
        where school_id = 2);
        
UPDATE borrow
set operator_id = 11
WHERE user_id IN (select user_id 
		from user u 
        where school_id = 1);
        
UPDATE borrow
set operator_id = 12
WHERE user_id IN (select user_id 
		from user u 
        where school_id = 4);

INSERT INTO Reservation VALUES ('1','2023-04-28','45051','46','816268195-7');
INSERT INTO Reservation VALUES ('2','2023-04-13','45036','42','319574956-4');
INSERT INTO Reservation VALUES ('3','2023-06-01','45085','38','385822452-9');
INSERT INTO Reservation VALUES ('4','2023-05-10','45063','32','645068151-9');
INSERT INTO Reservation VALUES ('5','2023-04-20','45043','22','813111322-1');
INSERT INTO Reservation VALUES ('6','2023-05-24','45077','40','419089712-4');
INSERT INTO Reservation VALUES ('7','2023-05-05','45058','7','680500806-9');
INSERT INTO Reservation VALUES ('8','2023-04-19','45042','49','199490187-X');
INSERT INTO Reservation VALUES ('9','2023-04-21','45044','20','291469644-2');
INSERT INTO Reservation VALUES ('10','2023-05-11','45064','41','785838146-6');
INSERT INTO Reservation VALUES ('11','2023-05-23','45076','5','876322583-2');
INSERT INTO Reservation VALUES ('12','2023-05-21','45074','22','548886946-8');
INSERT INTO Reservation VALUES ('13','2023-05-13','45066','43','122129388-5');
INSERT INTO Reservation VALUES ('14','2023-05-25','45078','6','398871562-X');
INSERT INTO Reservation VALUES ('15','2023-05-24','45077','26','946554247-4');
INSERT INTO Reservation VALUES ('16','2023-05-18','45071','26','918375802-X');
INSERT INTO Reservation VALUES ('17','2023-05-02','45055','10','848203730-7');
INSERT INTO Reservation VALUES ('18','2023-04-27','45051','33','764400937-X');
INSERT INTO Reservation VALUES ('19','2023-05-01','45054','48','934963542-9');
INSERT INTO Reservation VALUES ('20','2023-05-11','45064','31','890021515-9');
INSERT INTO Reservation VALUES ('21','2023-05-27','45073','16','374810360-3');
INSERT INTO Reservation VALUES ('22','2023-04-15','45038','36','922528486-1');
INSERT INTO Reservation VALUES ('23','2023-05-04','45057','37','659961744-1');
INSERT INTO Reservation VALUES ('24','2023-04-21','45044','36','996340112-0');
INSERT INTO Reservation VALUES ('25','2023-05-03','45056','15','648314470-9');
INSERT INTO Reservation VALUES ('26','2023-06-02','45086','28','822418417-X');
INSERT INTO Reservation VALUES ('27','2023-05-05','45058','35','617184627-9');
INSERT INTO Reservation VALUES ('28','2023-04-22','45045','42','149070964-9');
INSERT INTO Reservation VALUES ('29','2023-05-07','45053','38','697465398-0');
INSERT INTO Reservation VALUES ('30','2023-05-16','45069','21','488587439-4');
INSERT INTO Reservation VALUES ('31','2023-04-22','45045','43','026564100-4');
INSERT INTO Reservation VALUES ('32','2023-05-11','45064','5','106000244-2');
INSERT INTO Reservation VALUES ('33','2023-04-25','45048','13','076139067-7');
INSERT INTO Reservation VALUES ('34','2023-04-27','45043','32','311467988-9');
INSERT INTO Reservation VALUES ('35','2023-04-25','45048','13','431206102-5');
INSERT INTO Reservation VALUES ('36','2023-05-10','45063','21','228742729-5');
INSERT INTO Reservation VALUES ('37','2023-04-26','45049','17','186794611-4');
INSERT INTO Reservation VALUES ('38','2023-05-19','45072','45','314688084-9');
INSERT INTO Reservation VALUES ('39','2023-05-08','45061','24','151813419-X');
INSERT INTO Reservation VALUES ('40','2023-05-06','45059','37','065416790-7');
INSERT INTO Reservation VALUES ('41','2023-05-10','45063','33','966694353-0');
INSERT INTO Reservation VALUES ('42','2023-05-11','45064','23','370939279-9');
INSERT INTO Reservation VALUES ('43','2023-05-26','45079','18','497423628-8');
INSERT INTO Reservation VALUES ('44','2023-05-27','45081','44','376060112-X');
INSERT INTO Reservation VALUES ('45','2023-06-01','45085','45','014108164-3');
INSERT INTO Reservation VALUES ('46','2023-05-09','45062','35','063303873-3');
INSERT INTO Reservation VALUES ('47','2023-05-18','45071','16','287721822-8');
INSERT INTO Reservation VALUES ('48','2023-05-16','45069','29','257249462-0');
INSERT INTO Reservation VALUES ('49','2023-04-20','45043','10','897904342-2');
INSERT INTO Reservation VALUES ('50','2023-06-01','45085','45','195996972-2');

UPDATE reservation 
SET expiration_date = DATE_ADD(reservation_date, INTERVAL 7 DAY);

UPDATE book
set school_id = 1
WHERE isbn IN (select isbn
		from borrow br
        join user u on u.user_id = br.user_id
        where u.school_id = 1);
        
UPDATE book
set school_id = 2
WHERE isbn IN (select isbn
		from borrow br
        join user u on u.user_id = br.user_id
        where u.school_id = 2);
        
UPDATE book
set school_id = 3
WHERE isbn IN (select isbn
		from borrow br
        join user u on u.user_id = br.user_id
        where u.school_id = 3);
        
UPDATE book
set school_id = 4
WHERE isbn IN (select isbn
		from borrow br
        join user u on u.user_id = br.user_id
        where u.school_id = 4);
        
UPDATE book
set school_id = 5
WHERE isbn IN (select isbn
		from borrow br
        join user u on u.user_id = br.user_id
        where u.school_id = 5);
        
UPDATE book
SET school_id = FLOOR(RAND() * 5) + 1
WHERE school_id IS NULL;

UPDATE reservation
set user_id = (select user_id 
		from user
        where school_id = 1
        order by rand()
        limit 1)
WHERE isbn IN (select distinct isbn
		from book b
        join user u on u.school_id = b.school_id
        where u.school_id = 1);
        
UPDATE reservation
set user_id = (select user_id 
		from user
        where school_id = 2
        order by rand()
        limit 1)
WHERE isbn IN (select distinct isbn
		from book b
        join user u on u.school_id = b.school_id
        where u.school_id = 2);
        
UPDATE reservation
set user_id = (select user_id 
		from user
        where school_id = 3
        order by rand()
        limit 1)
WHERE isbn IN (select distinct isbn
		from book b
        join user u on u.school_id = b.school_id
        where u.school_id = 3);
        
UPDATE reservation
set user_id = (select user_id 
		from user
        where school_id = 4
        order by rand()
        limit 1)
WHERE isbn IN (select distinct isbn
		from book b
        join user u on u.school_id = b.school_id
        where u.school_id = 4);
        
UPDATE reservation
set user_id = (select user_id 
		from user
        where school_id = 5
        order by rand()
        limit 1)
WHERE isbn IN (select distinct isbn
		from book b
        join user u on u.school_id = b.school_id
        where u.school_id = 5);
        
UPDATE borrow
SET returned = ROUND(RAND())
WHERE returned = 0;